architecture,file,original_path,original_sha256,commented_sha256,code_projection_sha256,code_line_projection_sha256,comment_only_verified
binary,binary/INApest.R,binary/frozen_validated_binary/INApest.R,7ac09e246dc2431ac02d6a3cc82a2af97c64846216cdb0b14072ae4b91f77ddb,2cf69aa19ea7bc947d449b8f62eb20217f35e4dab6a67125c0cb8850944b0308,cc545508d5941b33d3bce47c9e75ffa5be120c39f6b8ead0420ea1697a464391,c4f4a5a286781433e3abb33b4decb0cdf482c75b85434f4765915aae1a5e73f7,TRUE
binary,binary/INApestParallel.R,binary/frozen_validated_binary/INApestParallel.R,14ffb352a6e8a9db8d5b72e8a8f67bdffca576a5bf90ddb57b006c830c479005,12366543526ed360fb4e397cde67204ab866dceeb35faf91148aedb5b7820f2b,d13466a927cf005858e40a273cf4dde70ed9af2cfcbf646a2ca5b6fd7b6faf11,2641244999a6abf1ec530c9ca35a49c173114e31e78de53f371e3ca4ef3dfe2b,TRUE
binary,binary/INApestPathogen.R,binary/frozen_validated_binary/INApestPathogen.R,95f2267fea08bee63f435cb60444e63d6653dd5302713be4351476616603ea7b,9cb6e46065a23fc2bbce46d42427e5efb68bb4b0104f01ef275d15b56bb38c41,71922f5b78fc2aba166cf3a20bd03e8858bea3bf1bd70af0132d5ffbecb17a2a,810a75c61c7da757b4525eeb2b7dc083213205cd6d60798c5343914a0dda02be,TRUE
meta,meta/INApestMeta.r,meta/frozen_validated_meta/INApestMeta.r,b5e6c507e8d34154826208d50ac382a84be1144506e4fbc1d534768871a9be10,871309df33e42f79936c09d02869c942e0fccc0ce545ad3b74269876c6d81109,8612aaf1b2c674f9a85916980206a593e51e75df55b7f6a1539daa7b853acd0d,b457b3dde0ae953fd6aa2899323cea7c349cff74fb5ca759e9539c1ba3b7c29d,TRUE
meta,meta/INApestMetaParallel.r,meta/frozen_validated_meta/INApestMetaParallel.r,f52a9047454756a7e478d58994c8429065df94bf32c6be019c32c1dd55a628a9,4ad1f67475ef07f6500e8c6276a4ac902791eb9b15fc2a818b8cd1c9c4e499b5,f71f570d328df96501a102ba707c5bd73114ce916e17aaa674acdb9c35d565f0,6af5767b86e6729a2037b23dff76af3078a50ad02411d89a94ffe52c0d8f6e71,TRUE
mlu,mlu/INApestMetaMultipleLandUse.r,mlu/frozen_validated_mlu/INApestMetaMultipleLandUse.r,f369c91cb1da96c4a5ab3e95940fe16d13a55e813f3efe3a2456f186e8913aee,8dfcc73f4b39e0273ea8d33c9deb5b0d61d97fef154664ee2760d52fcd8704a4,07712d6674fd7248e6ce4e642c40f0ace7a693a736e421bb63efe504f23ffb92,aaf99415bac702ffbcd507969c62c7b463dfcb98820195bf0fdee0ed1fb2f743,TRUE
mlu,mlu/INApestMetaParallelMultipleLandUse.r,mlu/frozen_validated_mlu/INApestMetaParallelMultipleLandUse.r,15bdbfe024a493023c800ede660fc75e5b986bcfa1113fac002d8490faa4c8c0,3d92425dfe60b8e0715afc88b503793aeabe54e85dd774bf6d6d50a071679c68,9c960b727b7616f73722cc0bcccd33a942615af430079842665739f70a01d1e5,a830ef92a36417ee52d1e821de557dab8beca02f628b46dbca994d4cedc122db,TRUE
tm,tm/INApestMetaTransitionMatrix.r,tm/frozen_validated_tm/INApestMetaTransitionMatrix.r,09f37160d6dbf0c435946a14eb359d12c48e6e1af922ff7a24e4fa2e354d03a0,1982c8f0103350c93251cb22afb252f48f836686a75fae034aad69b1350512bd,91b5302b8e41c947d1f98fef5053b8650b9a83b19838552ad7011c64a8c363d7,4e20b464232460b29d6d3063201126ca23fc35352f444f27da5bae34b16915fc,TRUE
tm,tm/INApestMetaTransitionMatrixParallel.r,tm/frozen_validated_tm/INApestMetaTransitionMatrixParallel.r,4e18d64bc03381b7a3464c1788844ed7cbc3e7c1f23b024ac1312660a71e527d,f358d0c5eb2b899c97cecf8bbc615ab65ad9b12abd2881621525172108cc70ba,73bdae4904d884e139d9ca8db228503a9907a4dfe3698d462d05a7b14df381b6,2d812a05c47fd0951c75bd152706929b735aff04fef74c5c416987c32054c366,TRUE
tm,tm/INApestPathogen.R,tm/frozen_validated_tm/INApestPathogen.R,83f2372bdc30bad25a45a1c126b5e02798e6d623964cc09e82fb54e7c802b13a,7dcd2059a92b2cdb8b9e090844624b298d97f0b25f61c4d2f6aa8baa94fa9955,9e2c02b56977f5b681d460353cfae01a167ca99b181ab81f054a32d96f5c1374,01e9c96c2b10e751f582b74a2636aa2ffbe0741bcc98820c0e9c9ccb93d7410e,TRUE
tm,tm/INApestPathogenTransitionMatrix.R,tm/frozen_validated_tm/INApestPathogenTransitionMatrix.R,841c7dd729291378c41194c272ff5b4817a7eea8682f9f40e9df31d391a4f986,1983d87563917648cde90ae729880541243fc8d62cece1b11b4ca2f23d92397f,fc491703050702e0ee227b00d514b172f31a09a211c7a5444e1de5741b636e72,8b76b17b4bc41c95272b0912bd304c7ce174348d490256728d0ac19ecabd864a,TRUE
metapoint,metapoint/INApestMetaPoint.R,metapoint/frozen_validated_metapoint_pathogen/validated_source/INApestMetaPoint.R,4f31cae3e9bf55f971355aded1786522278f994e7207eb2ca1797e875bda6f90,3522f7e0b8c23924db045b5efb0550ef46ffff40795d36ef1d5cbd11a9df9af7,9b40b40b82138089ce6b0be3636a75c061a5da499fcf7bae0c82fa29dbf5c2b8,04e34b97e18d93df5645d143f64ee7ffbb2ae8669e278dce533df4e5fbe7a186,TRUE
metapoint,metapoint/INApestMetaPointParallel.R,metapoint/frozen_validated_metapoint_pathogen/validated_source/INApestMetaPointParallel.R,d6066f4e0a00bb65bbc398dc23a21bda4123365ea455f74e0cdcc441624314ae,372c93180e6df6c1054cf5742936697f5542e2ded422939433c02d4b0b424c2f,09f9e996e377a462cc88acfc8535291dc9444c11656ee7371e4dc374fbe3f7f6,adbe10d35cb8f05bd71f635eb85ba79cfaaade69f03cb060c19ca667eaae4e60,TRUE
metapoint,metapoint/INApestPathogen.R,metapoint/frozen_validated_metapoint_pathogen/validated_source/INApestPathogen.R,83f2372bdc30bad25a45a1c126b5e02798e6d623964cc09e82fb54e7c802b13a,7dcd2059a92b2cdb8b9e090844624b298d97f0b25f61c4d2f6aa8baa94fa9955,9e2c02b56977f5b681d460353cfae01a167ca99b181ab81f054a32d96f5c1374,01e9c96c2b10e751f582b74a2636aa2ffbe0741bcc98820c0e9c9ccb93d7410e,TRUE
metapoint,metapoint/INApestPointPathogen.R,metapoint/frozen_validated_metapoint_pathogen/validated_source/INApestPointPathogen.R,4225be4f2ae89c2788f00cbf1433f28ec8194a9f7fc8e88a8721c318ee092d78,53d7244ff26ff13e9634026c196293f4656e17f8f95896e9c952947b8d699ccc,2b5051f548182d94d55c817ae6db894d396d3c12b4fba91913b9106684aa285b,8045a6d12a878f51ae9d902e2e888c9f1a240d4c8e68d442c67dc61e4586ecb7,TRUE
pointtm,pointtm/INApestPointTransitionMatrix.R,pointtm/frozen_validated_pointtm_pathogen/validated_source/INApestPointTransitionMatrix.R,c3892ee288a41b1202cdc81de32745d4c670545c5315865b7175b513225e980a,7da34d470e722303e7abbc6c75b62ded36bcedae3a08fc68a0903a2a4daa4a97,d45a01e4bd531e14238b28896ad30e3a4ccaab11e27e389694f96e50e440e032,50bc0cb64e30ac97fa0eeb2955650cb4a152c0e00df8f8739e4e7216a6c7bb8f,TRUE
pointtm,pointtm/INApestPointTransitionMatrixParallel.R,pointtm/frozen_validated_pointtm_pathogen/validated_source/INApestPointTransitionMatrixParallel.R,068725a108388f17176faf02ff621b2463746cabce5246b148e6e5be9427ece8,32056f4777f0f3aaf443ac4412616a707700b5e3b2f4a33c85cc951a45095be6,1c008617923518eec5bb37a0bdb1e1893b8b9a7a559d585f5dc2e6acce23a3ea,931b7ce4409429b609340f50ffc4999281329f5d8fd57d63c27d7568f6222caf,TRUE
pointtm,pointtm/INApestPathogen.R,pointtm/frozen_validated_pointtm_pathogen/validated_source/INApestPathogen.R,83f2372bdc30bad25a45a1c126b5e02798e6d623964cc09e82fb54e7c802b13a,7dcd2059a92b2cdb8b9e090844624b298d97f0b25f61c4d2f6aa8baa94fa9955,9e2c02b56977f5b681d460353cfae01a167ca99b181ab81f054a32d96f5c1374,01e9c96c2b10e751f582b74a2636aa2ffbe0741bcc98820c0e9c9ccb93d7410e,TRUE
pointtm,pointtm/INApestPointPathogen.R,pointtm/frozen_validated_pointtm_pathogen/validated_source/INApestPointPathogen.R,4225be4f2ae89c2788f00cbf1433f28ec8194a9f7fc8e88a8721c318ee092d78,53d7244ff26ff13e9634026c196293f4656e17f8f95896e9c952947b8d699ccc,2b5051f548182d94d55c817ae6db894d396d3c12b4fba91913b9106684aa285b,8045a6d12a878f51ae9d902e2e888c9f1a240d4c8e68d442c67dc61e4586ecb7,TRUE
vertebrate_point,vertebrate_point/INApestPointTransitionMatrix.R,vertebrate_point/frozen_validated_vertebrate_point_pathogen/validated_source/INApestPointTransitionMatrix.R,c3892ee288a41b1202cdc81de32745d4c670545c5315865b7175b513225e980a,7da34d470e722303e7abbc6c75b62ded36bcedae3a08fc68a0903a2a4daa4a97,d45a01e4bd531e14238b28896ad30e3a4ccaab11e27e389694f96e50e440e032,50bc0cb64e30ac97fa0eeb2955650cb4a152c0e00df8f8739e4e7216a6c7bb8f,TRUE
vertebrate_point,vertebrate_point/INApestPathogen.R,vertebrate_point/frozen_validated_vertebrate_point_pathogen/validated_source/INApestPathogen.R,83f2372bdc30bad25a45a1c126b5e02798e6d623964cc09e82fb54e7c802b13a,7dcd2059a92b2cdb8b9e090844624b298d97f0b25f61c4d2f6aa8baa94fa9955,9e2c02b56977f5b681d460353cfae01a167ca99b181ab81f054a32d96f5c1374,01e9c96c2b10e751f582b74a2636aa2ffbe0741bcc98820c0e9c9ccb93d7410e,TRUE
vertebrate_point,vertebrate_point/INApestPointPathogen.R,vertebrate_point/frozen_validated_vertebrate_point_pathogen/validated_source/INApestPointPathogen.R,4225be4f2ae89c2788f00cbf1433f28ec8194a9f7fc8e88a8721c318ee092d78,53d7244ff26ff13e9634026c196293f4656e17f8f95896e9c952947b8d699ccc,2b5051f548182d94d55c817ae6db894d396d3c12b4fba91913b9106684aa285b,8045a6d12a878f51ae9d902e2e888c9f1a240d4c8e68d442c67dc61e4586ecb7,TRUE
vertebrate_node,vertebrate_node/INApestVertebrateNode.R,vertebrate_node_pathogen/frozen_validated_vertebrate_node_pathogen/validated_source/INApestVertebrateNode.R,d520b888704ab943e1e76e87d07bfc2be23a22b69755600a4ba395c1bcf16773,6921fb592e6e844ad91d7b55e6c0f09fa61c4446447f84f71a3bc1fe678bcc57,37946f80bbfd14e632f1d688e7ee69d60aa9adec6cf31ea85adc69a23b977f84,6faab3ec95a520fd765d70d8e73d5d006e57ef2abd3ae5695664cb188260d941,TRUE
vertebrate_node,vertebrate_node/INApestVertebrateNodePathogen.R,vertebrate_node_pathogen/frozen_validated_vertebrate_node_pathogen/validated_source/INApestVertebrateNodePathogen.R,ae3a7703d0b8138fe524bee90beab2a0548a6455be96ea0d3195f063f7e6cd7f,4928d1d51068df5eeadfac920c6cf7d8da7c753b600815ab57ab218b754fb53a,e89769e6e7941a938616397c233b70f3e4fb50f92a6f6843269c574f7797b357,d7302b69d32196775d31e795a783c1756c31470f6309cdd808e50ffe674ae1f9,TRUE
vertebrate_node,vertebrate_node/INApestVertebrateNodePathogenSupport.R,vertebrate_node_pathogen/frozen_validated_vertebrate_node_pathogen/validated_source/INApestVertebrateNodePathogenSupport.R,d3156f3d924165d5073d6f8b8d32654263442e8195ae0b0fbd20af334d867347,6ead406f166e8809fb35bc9ca7d242f535a2574004b9d3cf4992dddf95aeeb20,c6513a8038a8d23f7ba420312ac53e7527455d93124ea3370612c36b48c4e725,293b6a35ea1d3c96d1844aa4f917c01c21c8fd2d469c522d50324980e4f704db,TRUE
vertebrate_node,vertebrate_node/INApestPathogen.R,vertebrate_node_pathogen/frozen_validated_vertebrate_node_pathogen/validated_source/INApestPathogen.R,83f2372bdc30bad25a45a1c126b5e02798e6d623964cc09e82fb54e7c802b13a,7dcd2059a92b2cdb8b9e090844624b298d97f0b25f61c4d2f6aa8baa94fa9955,9e2c02b56977f5b681d460353cfae01a167ca99b181ab81f054a32d96f5c1374,01e9c96c2b10e751f582b74a2636aa2ffbe0741bcc98820c0e9c9ccb93d7410e,TRUE
vertebrate_node,vertebrate_node/INApestPathogenTransitionMatrix.R,vertebrate_node_pathogen/frozen_validated_vertebrate_node_pathogen/validated_source/INApestPathogenTransitionMatrix.R,841c7dd729291378c41194c272ff5b4817a7eea8682f9f40e9df31d391a4f986,1983d87563917648cde90ae729880541243fc8d62cece1b11b4ca2f23d92397f,fc491703050702e0ee227b00d514b172f31a09a211c7a5444e1de5741b636e72,8b76b17b4bc41c95272b0912bd304c7ce174348d490256728d0ac19ecabd864a,TRUE
