relative_path,sha256
"APPLY_TO_LOCAL_REPO.ps1",b161ec531994ff0460cbd17b09333332d8882054750eb36f59c86887c83aa326
"COMMENT_ONLY_VERIFICATION.csv",2c848352203d19daf823c5f57e37f5c5d885fd1f6524590233a67aa6bfa835f2
"DEFINITIVE_SOURCE_RECORD.md",865b9e17a8c5be19991c227b2770f4ac98a3cc5bec31986a43bd3dab0ffdb479
"README_GITHUB_UPLOAD.md",5cf6afa919e7b3f4ecaf0f2adcbb7c4f17e3d5e47d19e6681313db1f6410defa
"SOURCE_MAPPING.csv",3ff21fac36a3a2b26802fda0695ba4771337d5a06d996a49d658ea7cf0a15701
"UNIQUE_SOURCE_INDEX.csv",ff2a0bc9082156377aa6cf1063bbd8cd467e872fd823cadfd549916fb8c27f97
"github_upload/INApest INApestMeta core function code/INApest.R",2cf69aa19ea7bc947d449b8f62eb20217f35e4dab6a67125c0cb8850944b0308
"github_upload/INApest INApestMeta core function code/INApestMeta.r",871309df33e42f79936c09d02869c942e0fccc0ce545ad3b74269876c6d81109
"github_upload/INApest INApestMeta core function code/INApestMetaMultipleLandUse.r",8dfcc73f4b39e0273ea8d33c9deb5b0d61d97fef154664ee2760d52fcd8704a4
"github_upload/INApest INApestMeta core function code/INApestMetaParallel.r",4ad1f67475ef07f6500e8c6276a4ac902791eb9b15fc2a818b8cd1c9c4e499b5
"github_upload/INApest INApestMeta core function code/INApestMetaParallelMultipleLandUse.r",3d92425dfe60b8e0715afc88b503793aeabe54e85dd774bf6d6d50a071679c68
"github_upload/INApest INApestMeta core function code/INApestMetaPoint.R",3522f7e0b8c23924db045b5efb0550ef46ffff40795d36ef1d5cbd11a9df9af7
"github_upload/INApest INApestMeta core function code/INApestMetaPointParallel.R",372c93180e6df6c1054cf5742936697f5542e2ded422939433c02d4b0b424c2f
"github_upload/INApest INApestMeta core function code/INApestMetaTransitionMatrix.r",1982c8f0103350c93251cb22afb252f48f836686a75fae034aad69b1350512bd
"github_upload/INApest INApestMeta core function code/INApestMetaTransitionMatrixParallel.r",f358d0c5eb2b899c97cecf8bbc615ab65ad9b12abd2881621525172108cc70ba
"github_upload/INApest INApestMeta core function code/INApestParallel.R",12366543526ed360fb4e397cde67204ab866dceeb35faf91148aedb5b7820f2b
"github_upload/INApest INApestMeta core function code/INApestPathogen.R",7dcd2059a92b2cdb8b9e090844624b298d97f0b25f61c4d2f6aa8baa94fa9955
"github_upload/INApest INApestMeta core function code/INApestPathogenTransitionMatrix.R",1983d87563917648cde90ae729880541243fc8d62cece1b11b4ca2f23d92397f
"github_upload/INApest INApestMeta core function code/INApestPointPathogen.R",53d7244ff26ff13e9634026c196293f4656e17f8f95896e9c952947b8d699ccc
"github_upload/INApest INApestMeta core function code/INApestPointTransitionMatrix.R",7da34d470e722303e7abbc6c75b62ded36bcedae3a08fc68a0903a2a4daa4a97
"github_upload/INApest INApestMeta core function code/INApestPointTransitionMatrixParallel.R",32056f4777f0f3aaf443ac4412616a707700b5e3b2f4a33c85cc951a45095be6
"github_upload/INApest INApestMeta core function code/INApestVertebrateNode.R",6921fb592e6e844ad91d7b55e6c0f09fa61c4446447f84f71a3bc1fe678bcc57
"github_upload/INApest INApestMeta core function code/INApestVertebrateNodePathogen.R",4928d1d51068df5eeadfac920c6cf7d8da7c753b600815ab57ab218b754fb53a
"github_upload/INApest INApestMeta core function code/INApestVertebrateNodePathogenSupport.R",6ead406f166e8809fb35bc9ca7d242f535a2574004b9d3cf4992dddf95aeeb20
