original_sha256,representative_file,copies_in_bundle,all_paths
068725a108388f17176faf02ff621b2463746cabce5246b148e6e5be9427ece8,pointtm/INApestPointTransitionMatrixParallel.R,1,pointtm/INApestPointTransitionMatrixParallel.R
09f37160d6dbf0c435946a14eb359d12c48e6e1af922ff7a24e4fa2e354d03a0,tm/INApestMetaTransitionMatrix.r,1,tm/INApestMetaTransitionMatrix.r
14ffb352a6e8a9db8d5b72e8a8f67bdffca576a5bf90ddb57b006c830c479005,binary/INApestParallel.R,1,binary/INApestParallel.R
15bdbfe024a493023c800ede660fc75e5b986bcfa1113fac002d8490faa4c8c0,mlu/INApestMetaParallelMultipleLandUse.r,1,mlu/INApestMetaParallelMultipleLandUse.r
4225be4f2ae89c2788f00cbf1433f28ec8194a9f7fc8e88a8721c318ee092d78,metapoint/INApestPointPathogen.R,3,metapoint/INApestPointPathogen.R | pointtm/INApestPointPathogen.R | vertebrate_point/INApestPointPathogen.R
4e18d64bc03381b7a3464c1788844ed7cbc3e7c1f23b024ac1312660a71e527d,tm/INApestMetaTransitionMatrixParallel.r,1,tm/INApestMetaTransitionMatrixParallel.r
4f31cae3e9bf55f971355aded1786522278f994e7207eb2ca1797e875bda6f90,metapoint/INApestMetaPoint.R,1,metapoint/INApestMetaPoint.R
7ac09e246dc2431ac02d6a3cc82a2af97c64846216cdb0b14072ae4b91f77ddb,binary/INApest.R,1,binary/INApest.R
83f2372bdc30bad25a45a1c126b5e02798e6d623964cc09e82fb54e7c802b13a,tm/INApestPathogen.R,5,tm/INApestPathogen.R | metapoint/INApestPathogen.R | pointtm/INApestPathogen.R | vertebrate_point/INApestPathogen.R | vertebrate_node/INApestPathogen.R
841c7dd729291378c41194c272ff5b4817a7eea8682f9f40e9df31d391a4f986,tm/INApestPathogenTransitionMatrix.R,2,tm/INApestPathogenTransitionMatrix.R | vertebrate_node/INApestPathogenTransitionMatrix.R
95f2267fea08bee63f435cb60444e63d6653dd5302713be4351476616603ea7b,binary/INApestPathogen.R,1,binary/INApestPathogen.R
ae3a7703d0b8138fe524bee90beab2a0548a6455be96ea0d3195f063f7e6cd7f,vertebrate_node/INApestVertebrateNodePathogen.R,1,vertebrate_node/INApestVertebrateNodePathogen.R
b5e6c507e8d34154826208d50ac382a84be1144506e4fbc1d534768871a9be10,meta/INApestMeta.r,1,meta/INApestMeta.r
c3892ee288a41b1202cdc81de32745d4c670545c5315865b7175b513225e980a,pointtm/INApestPointTransitionMatrix.R,2,pointtm/INApestPointTransitionMatrix.R | vertebrate_point/INApestPointTransitionMatrix.R
d3156f3d924165d5073d6f8b8d32654263442e8195ae0b0fbd20af334d867347,vertebrate_node/INApestVertebrateNodePathogenSupport.R,1,vertebrate_node/INApestVertebrateNodePathogenSupport.R
d520b888704ab943e1e76e87d07bfc2be23a22b69755600a4ba395c1bcf16773,vertebrate_node/INApestVertebrateNode.R,1,vertebrate_node/INApestVertebrateNode.R
d6066f4e0a00bb65bbc398dc23a21bda4123365ea455f74e0cdcc441624314ae,metapoint/INApestMetaPointParallel.R,1,metapoint/INApestMetaPointParallel.R
f369c91cb1da96c4a5ab3e95940fe16d13a55e813f3efe3a2456f186e8913aee,mlu/INApestMetaMultipleLandUse.r,1,mlu/INApestMetaMultipleLandUse.r
f52a9047454756a7e478d58994c8429065df94bf32c6be019c32c1dd55a628a9,meta/INApestMetaParallel.r,1,meta/INApestMetaParallel.r
