scenario_id,purpose,model,Nnodes,Nlanduses,Nstages,Ntimesteps,Nperm,mortality,FecundityReduction,other key settings,reported output
EQ_BINARY,parallel architecture reference,INApest,5,NA,NA,5,10,EradicationProb=0.25,NA,"SDD network; management on; spread reduction 0.2",exact serial/parallel saved-output comparison
EQ_MLU,serial/parallel equivalence with fecundity management,INApestMetaMultipleLandUse,4,3,NA,4,8,0.2,"land-use vector 0.1/0.5/0.9","identity SDD; K by land use; PropaguleProduction=2; establishment=0.02",exact serial/parallel saved-output comparison
EQ_TM,serial/parallel equivalence with fecundity management,INApestMetaTransitionMatrix,4,NA,3,4,8,"stage vector 0.2/0.2/0.2",0.4,"3x3 transition matrix; identity SDD; K=SeedbankK=1000; establishment=0.02",exact serial/parallel saved-output comparison
SHAPE_META,exercise all ordinary Meta forms,INApestMeta,4,NA,NA,3,5,0.2,"scalar; node vector; node x timestep matrix","identity SDD; K=500; PropaguleProduction=0.6; establishment=0.0015",smoke-test final population
SHAPE_MLU,exercise all MLU forms,INApestMetaMultipleLandUse,4,3,NA,3,5,"0.2 by land use","scalar; land-use vector; node x land-use matrix; node x land-use x time array","identity SDD; K=300 per land use; PropaguleProduction=0.6; establishment=0.0015",smoke-test final population
SHAPE_TM,exercise all transition-matrix forms,INApestMetaTransitionMatrix,4,NA,3,3,5,"0.2 by stage","scalar; node vector; stage vector; node x time matrix; node x stage x time array","3x3 transition matrix; identity SDD; K=SeedbankK=1000; establishment=0.01",smoke-test final stage population
EFFECT_META,show interaction of mortality and fecundity reduction,INApestMeta,4,NA,NA,6,60,"0; 0.3; 0.6","0; 0.25; 0.5; 0.75; 1","initial 25 per node; identity SDD; K=500; PropaguleProduction=0.6; establishment=0.0015",mean/sd/5th-95th final total population
EFFECT_MLU,show land-use-specific fecundity response,INApestMetaMultipleLandUse,4,3,NA,6,60,"0; 0.3; 0.6","none; uniform 0.5; gradient 0/0.5/0.9; uniform 0.9","three single-land-use nodes plus one mixed node; identity SDD",final total and node-specific means
CURRENT_META_EQ,current serial Meta added after original snapshot,INApestMeta,4,NA,NA,4,8,0.2,"scalar; node vector; node x timestep matrix","current source with LocalDynamics restored",exact current serial/parallel population comparison
