file,component,status,sha256
"INApest.R","SimEngine","included","20c0b81208017da5062d917cc76bce3f735100d601546930ec55fad8b482ff62"
"INApestBiocontrol.R","SimEngine","included","4523d0409d999c0ffd9c0e33c136c895dfa4e06c18f8bfa104dae7ae41bfdd70"
"INApestBiocontrolPointAdapter.R","SimEngine","included","c2ebe8fcdf594648d49b8fcf77c5d4b0f37e2c0eca4fdf26e2ccb1e64af2d3ee"
"INApestMeta.r","SimEngine","included","873e76de368ca49f2ebc90ee4153b0c15fd65b5944a3826ecae151809783cde2"
"INApestMetaMultipleLandUse.r","SimEngine","included","2f87b31b731fe16fa483794b4b40c9f0bdc79ad2bc16aca40e3ad6f51f728bc0"
"INApestMetaParallel.r","SimEngine","included","cd672214ce5baacc6ccfd89cd13611883a4ad2ebd11367f04a5941b30daf57f1"
"INApestMetaParallelMultipleLandUse.r","SimEngine","included","206fa0039b8aa1ae913c42303bc079657434a0bcb596690dcad74ef81dffbc00"
"INApestMetaPointParallel_Biocontrol_v0.1.R","SimEngine","included","6bf50ee6234402281f144f297188cffcb2e24a11cd335b4586520543af690e0b"
"INApestMetaPoint_Biocontrol_v0.1.R","SimEngine","included","3784aad38af412d4076b175a412e14f88eb0b490342e28a0fa10d9a938029359"
"INApestMetaTransitionMatrix.r","SimEngine","included","9eb9da059e7c295baa32d076cfda54015bbd45ce2570a72aacc424e7a3eecb0a"
"INApestMetaTransitionMatrixParallel.r","SimEngine","included","e1b13b608913a64d0a0ebf90344cd0ba7dd9cb521e7c67175e57df2d1c97cb52"
"INApestParallel.R","SimEngine","included","bfe2c728cbd12692b638a2a1822eae22e37f24c7daa28b961229932a77a414b6"
"INApestPathogen.R","SimEngine","included","7dcd2059a92b2cdb8b9e090844624b298d97f0b25f61c4d2f6aa8baa94fa9955"
"INApestPathogenTransitionMatrix.R","SimEngine","included","1983d87563917648cde90ae729880541243fc8d62cece1b11b4ca2f23d92397f"
"INApestPointTransitionMatrixParallel_Biocontrol_v0.1.R","SimEngine","included","85c1083341f24a125049dc3d6f89c6810bb4c11a4ae65d3a2d3c3fdfbc652607"
"INApestPointTransitionMatrix_Biocontrol_v0.1.R","SimEngine","included","b8fc59b5aa45853b6bab7d0029682760a945f3c00ff9e8c582c89839028468cc"
"INApestProofOfFreedom.R","PoF","included","c0ea69d42bb08db9bcb2d8c7cf4e9a38cdc7d76b038bd0303be0a04f2c9c844a"
"INApestVertebrateNode.R","SimEngine","included","ef287aff28b6bdf3dd45651a13f992416ff0c38c37c01e9bf7077eb606cd1d96"
"INApestVertebrateNodeParallel.R","SimEngine","included","0243de8f95a72d99530ad1f8350378fb7d8c5bdbebe31d66c289827161107fd3"
"INApestVertebratePointParallel.R","SimEngine","included","639a3a635d48e4c26d92ab92ad604bf86e95f810ff2b5de5a275629db8879aa0"
"INApestAnalytical.R","Analytical","pinned_retrieval_required","49238e62a9f4c99445072d08356ca33081c60b37f1a4b268b328794990d163c5"
