snapshot,file,bytes,sha256
fecundity_validation_snapshot,INApest.R.reference_unchanged,32129,475a99370e464624650cd2408d44ce0e4cc189e613bbb1a37104e515ef70e890
fecundity_validation_snapshot,INApestMetaMultipleLandUse.r,42963,62eaf7cd88ac0974e9b5eee1aaf4014be532c50e7e2f676429b6dbefc97acb54
fecundity_validation_snapshot,INApestMetaParallel.r,39180,f97273430be40459e31eb691185d87faf271ed6afda2ec14fb0e60273ded2b69
fecundity_validation_snapshot,INApestMetaParallelMultipleLandUse.r,43156,2961f76b5de7ed198c2c93235d65ef552f059ed2c5dc17d85cb8d712ac6a8ca8
fecundity_validation_snapshot,INApestMetaTransitionMatrix.r,78188,31ac96ba3353ed73b97b88f643b01cb7cee05a5f8d71faaf9139b84b01851cf3
fecundity_validation_snapshot,INApestMetaTransitionMatrixParallel.r,64737,e2874211f1c5b70d589b7bf97a89785ce7da7398a50247bf00711b39a97fa69b
fecundity_validation_snapshot,INApestParallel.R,35038,383ebb76137c6f16be8bc1550e6de42b6a003e6c46025b522f53bfd8a5b7796e
fecundity_validation_snapshot,INApestParallelInAScene.R,37682,7855a0497a7af7b7ef18949d28fbca381dc0392708899cc9d679bf9ccdc2ca47
fecundity_validation_snapshot,ParallelSetup.r,699,818cb4f20753d1f3e121e9cd1d8d5be85f01870e869b926a614700d508353d36
latest,INApest.R,32129,475a99370e464624650cd2408d44ce0e4cc189e613bbb1a37104e515ef70e890
latest,INApestMeta.r,40068,1ec6dbe80db96e60cc9a172674ecc1f7c8fc94ad6755110612dc3edb860b3f8e
latest,INApestMetaMultipleLandUse.r,43753,52cafa9a18bf2c618171544f3ff87656997afeb4c1e086dafd13775f6a15e059
latest,INApestMetaParallel.r,40654,1d87fec9b69270ed75699a899ca8fecd90a72083ac58ecd4935f1403d7dd3ebd
latest,INApestMetaParallelMultipleLandUse.r,44549,5eee2f7fec1c6dff9f16b32a1e560208d4a7c47345c780b32230c87f76020955
latest,INApestMetaTransitionMatrix.r,91953,108a9e6026d7d2a7383f61c7cdcf9c3084f1451666db265193c5f4d4d9ed5be2
latest,INApestMetaTransitionMatrixParallel.r,78542,89f9cb37955b2144d8524603faf1d005bf1366691073ea6a9f2eb341021aff23
latest,INApestParallel.R,35038,383ebb76137c6f16be8bc1550e6de42b6a003e6c46025b522f53bfd8a5b7796e
latest,INApestParallelInAScene.R,37682,7855a0497a7af7b7ef18949d28fbca381dc0392708899cc9d679bf9ccdc2ca47
latest,ParallelSetup.r,699,818cb4f20753d1f3e121e9cd1d8d5be85f01870e869b926a614700d508353d36
latest,README.txt,2150,3938ba0f5e9ca459e5700a7ba21830bb61d3480e319b22e182ea267e68dc5fe9
latest,SHA256SUMS.txt,900,8e56252b52c5b674f6251c3ad73877750b023ed16d6faa392bca9d8c155011ac
